Insert into Hotel Values ('00001', '10 Main Street', 'Boston', 'MA', '02110', '(617)111-1111'),
                         ('00002', '5 Graph Street', 'Austin', 'TX', '73301', '(512)253-7382'),
                         ('00003', '73 North Avenue', 'Los Angeles', 'CA', '90013', '(310)473-9321'),
                         ('00004', '898 North Avenue', 'Salt Lake City', 'UT', '84044', '(801)432-1212'),

Insert into Customer Values
('00000001', 'Jonathan Vasquez', '19130 Hansons Park', 'Albuquerque', 'NM', '87180', '(505)117-9757', '3584-2890-3134-2527', '2/18', '460', 4481),
('00000002', 'Doris Kelley', '39 Moose Way', 'Petaluma', 'CA', '94975', '1-(707)704-2616', '3546456645569996', '11/24', 318, 2708),
('00000003', 'Lillian Burton', '9 Dakota Point', 'Inglewood', 'CA', '90398', '1-(310)511-9109', '3555272346389792', '11/18', 123, 187),
('00000004', 'Louis Mccoy', '4 Raven Way', 'Aurora', 'CO', '80015', '1-(303)887-9481', '3536526437346027', '8/28', 728, 11733),
('00000005', 'Norma Martinez', '8218 Londonderry Point', 'Newark', 'NJ', '07112', '1-(973)163-7894', '3544804686001027', '4/17', 488, 2838),
('00000006', 'Jimmy Rodriguez', '0710 Kim Alley', 'Amarillo', 'TX', '79116', '1-(806)759-3023', '3587074910083179', '1/28', 398, 6828),
('00000007', 'Richard Crawford', '33 Fuller Junction', 'Charlotte', 'NC', '28299', '1-(704)758-6799', '4041371832163560', '1/21', 234, 10863),
('00000008', 'Gary Watson', '8791 Linden Way', 'Texarkana', 'TX', '75507', '1-(903)485-8412', '5524528091640298', '12/25', 478, 449),
('00000009', 'Laura Murray', '2559 Cardinal Pass', 'Brooklyn', 'NY', '11236', '1-(718)427-4380', '3541014560151772', '6/22', 239, 555),
('00000010', 'Amanda Gordon', '56 Buhler Trail', 'Mobile', 'AL', '36616', '1-(251)663-9079', '4017953697920505', '1/25', 204, 6007),
('00000011', 'Teresa Torres', '52589 Sachtjen Avenue', 'Las Vegas', 'NV', '89140', '1-(702)286-8020', '36392721270014', '8/20', 868, 12526),
('00000012', 'Louis Ferguson', '861 Park Meadow Road', 'Helena', 'MT', '59623', '1-(406)882-9306', '5564387429514118', '3/20', 590, 7308),
('00000013', 'Mary Sanders', '17834 Northridge Parkway', 'Midland', 'TX', '79705', '1-(432)218-8271', '5641824906120342603', '7/26', 129, 2868),
('00000014', 'Lawrence Gilbert', '2613 Blaine Drive', 'Arvada', 'CO', '80005', '1-(303)559-7631', '5018860715103855', '1/18', 487, 4879),
('00000015', 'John Young', '746 Jay Plaza', 'Akron', 'OH', '44321', '1-(330)202-7382', '676757507162592907', '6/20', 806, 4164),
('00000016', 'Howard Peterson', '777 Graceland Drive', 'Vancouver', 'WA', '98687', '1-(360)761-5895', '5602238172584267', '8/25', 841, 14061),
('00000017', 'Joshua Sims', '07439 Menomonie Alley', 'San Diego', 'CO', '92186', '1-(619)275-0297', '3538288546427911', '12/17', 646, 9420),
('00000018', 'Anna Fernandez', '29504 Main Court', 'Richmond', 'VA', '23277', '1-(804)778-0037', '6396297941853187', '6/19', 605, 1175),
('00000019', 'Teresa Graham', '3808 Forest Dale Avenue', 'Boston', 'MA', '02115', '1-(202)774-6546', '4913116621636473', '11/21', 555, 6193),
('00000020', 'Anna Perkins', '90 Marcy Parkway', 'Salem', 'OR', '97306', '1-(503)338-6299', '4017953780848662', '3/17', 698, 14849),
('00000021', 'Bruce Stephens', '59 Rowland Plaza', 'New York City', 'NY', '10275', '1-(212)494-3152', '6388230225692724', '6/24', 529, 9204),
('00000022', 'Gregory Gordon', '7 Fallview Junction', 'Seattle', 'WA', '98133', '1-(206)602-7868', '3569905854477475', '1/19', 912, 7704),
('00000023', 'Norma Gutierrez', '1648 Erie Park', 'Baton Rouge', 'LA', '70826', '1-(225)361-1339', '4026302865814026', '6/26', 392, 8297),
('00000024', 'Frances George', '1 Tomscot Court', 'Oakland', 'CA', '94605', '1-(510)902-9773', '676276551989550344', '9/27', 516, 13938),
('00000025', 'Kevin Garrett', '24746 Debs Point', 'Boston', 'MA', '02115', '1-(202)958-4695', '490599670305667289', '2/25', 618, 13047),
('00000026', 'Harry Cunningham', '185 Petterle Terrace', 'Washington', 'District of Columbia', '20442', '1-(202)948-6808', '5100136133159053', '8/27', 685, 8370),
('00000027', 'Thomas Burton', '166 Ryan Street', 'Cape Coral', 'Florida', '33915', '1-(239)780-6503', '3563463553535868', '2/20', 208, 7797),
('00000028', 'Ernest Castillo', '1 Sherman Circle', 'Helena', 'Montana', '59623', '1-(406)217-7744', '5602243188384728', '11/22', 982, 2300),
('00000029', 'Donald Nichols', '31 Meadow Valley Point', 'Springfield', 'Missouri', '65805', '1-(417)161-5455', '3588671683477253', '2/25', 200, 4382),
('00000030', 'Virginia Snyder', '14 Twin Pines Center', 'Shawnee Mission', 'Kansas', '66225', '1-(913)548-1964', '4041374943702', '1/23', 984, 3204),
('00000031', 'Clarence Fisher', '5 1st Hill', 'Stamford', 'Connecticut', '06905', '1-(203)760-4789', '3545943555555363', '8/28', 246, 5743),
('00000032', 'Philip Oliver', '358 Scoville Place', 'Pittsburgh', 'Pennsylvania', '15250', '1-(412)235-3745', '374288592212921', '7/25', 773, 10510),
('00000033', 'Helen Watson', '577 Michigan Drive', 'Youngstown', 'Ohio', '44511', '1-(330)224-8102', '5641820747146339478', '12/20', 243, 7173),
('00000034', 'Charles Fuller', '7066 Trailsway Trail', 'Santa Barbara', 'California', '93106', '1-(805)779-4872', '3559999177251974', '10/27', 274, 5080),
('00000035', 'Gloria Boyd', '94789 Merchant Avenue', 'Kingsport', 'Tennessee', '37665', '1-(423)756-5460', '6304666842050052661', '9/17', 172, 13271),
('00000036', 'Nancy Murray', '6 Spohn Plaza', 'Vero Beach', 'Florida', '32964', '1-(772)776-3327', '56022144083372237', '3/18', 810, 3794),
('00000037', 'Ronald Green', '18548 Grasskamp Hill', 'Little Rock', 'Arkansas', '72222', '1-(501)236-0252', '30139157229899', '11/18', 584, 1094),
('00000038', 'Christopher Perez', '8 Vidon Pass', 'San Francisco', 'California', '94105', '1-(415)105-3216', '3584625982021729', '2/25', 271, 3097),
('00000039', 'Larry White', '675 Hanover Drive', 'Washington', 'District of Columbia', '20078', '1-(202)393-9433', '4041373510726', '7/24', 534, 9350),
('00000040', 'Susan Cooper', '56757 Hovde Way', 'Seattle', 'Washington', '98127', '1-(206)714-6631', '3547636213410421', '2/19', 755, 7422),
('00000041', 'Lillian Carroll', '4939 Briar Crest Park', 'Cleveland', 'Ohio', '44111', '1-(216)608-2394', '201603728298538', '7/21', 293, 5486),
('00000042', 'Todd Peterson', '597 Graceland Crossing', 'Portland', 'Oregon', '97211', '1-(503)441-1101', '4197173273653055', '2/18', 594, 14583),
('00000043', 'Irene Oliver', '0 Norway Maple Lane', 'Salt Lake City', 'Utah', '84140', '1-(801)768-1414', '3548975136432859', '11/22', 464, 13049),
('00000044', 'Todd Elliott', '4 Carey Park', 'Toledo', 'Ohio', '43615', '1-(419)407-8189', '4041593623833784', '5/24', 549, 12093),
('00000045', 'Timothy Nichols', '49 Farwell Hill', 'San Diego', 'California', '92170', '1-(619)242-0135', '3542221486980379', '9/20', 542, 8273),
('00000046', 'Mark Kim', '1235 Coolidge Street', 'Chicago', 'Illinois', '60630', '1-(773)687-1929', '3578382136101480', '12/20', 116, 6393),
('00000047', 'William Carpenter', '5190 Transport Crossing', 'Whittier', 'California', '90610', '1-(562)570-3767', '3568985645185174', '7/18', 280, 722),
('00000048', 'Catherine Cox', '6883 Chive Court', 'El Paso', 'Texas', '88574', '1-(915)132-8589', '3557825150387851', '4/17', 311, 11149),
('00000049', 'Shawn Jordan', '3 Oak Valley Trail', 'Dallas', 'Texas', '75310', '1-(214)128-5155', '3552473034615265', '8/19', 167, 12578),
('00000050', 'Adam Allen', '05 Holmberg Center', 'Des Moines', 'Iowa', '50310', '1-(515)810-8754', '3556637447271769', '6/21', 417, 7228);


insert into Room Values  ('1', '00001', 1, 1, '1402.68'),
                         ('2', '00003', 1, 1, '1544.58'),
                         ('3', '00002', 2, 1, '1377.22'),
                         ('4', '00003', 5, 3, '1167.20'),
                         ('5', '00002', 3, 2, '939.22'),
                         ('6', '00004', 5, 3, '1104.26'),
                         ('7', '00003', 5, 3, '975.23'),
                         ('8', '00002', 4, 2, '1194.30'),
                         ('9', '00003', 2, 1, '1897.74'),
                         ('10', '00003', 6, 3, '1790.77'),
                         ('11', '00004', 2, 1, '1432.67'),
                         ('12', '00002', 6, 3, '1185.45'),
                         ('13', '00004', 6, 3, '1701.79'),
                         ('14', '00004', 3, 2, '1262.64'),
                         ('15', '00004', 2, 1, '1521.29'),
                         ('16', '00003', 2, 1, '1020.54'),
                         ('17', '00002', 1, 1, '847.37'),
                         ('18', '00003', 1, 1, '1102.76'),
                         ('19', '00003', 3, 2, '1321.07'),
                         ('20', '00001', 5, 3, '1749.48'),
                         ('21', '00004', 1, 1, '1205.49'),
                         ('22', '00002', 5, 3, '854.27'),
                         ('23', '00003', 1, 1, '1295.02'),
                         ('24', '00001', 2, 1, '1937.05'),
                         ('25', '00003', 3, 2, '1119.03'),
                         ('26', '00001', 6, 3, '1861.02'),
                         ('27', '00002', 1, 1, '1785.45'),
                         ('28', '00002', 1, 1, '1755.14'),
                         ('29', '00001', 1, 1, '1678.99'),
                         ('30', '00004', 6, 3, '1532.01'),
                         ('31', '00004', 4, 2, '838.39'),
                         ('32', '00003', 5, 3, '1389.43'),
                         ('33', '00003', 4, 2, '1545.59'),
                         ('34', '00003', 4, 2, '1601.70'),
                         ('35', '00001', 4, 2, '914.45'),
                         ('36', '00002', 5, 3, '1421.32'),
                         ('37', '00003', 1, 1, '1450.83'),
                         ('38', '00003', 3, 2, '1927.09'),
                         ('39', '00002', 2, 1, '831.54'),
                         ('40', '00003', 2, 1, '1649.50');

Insert into Reservation Values ('12345678', '00000001', '00001', '152', 02-25-2017, 05-22-2017, 05-24-2017),

insert into Employee values
('00001', '00002', 'Terry Hanson', '01/19/1977', '63772 Crest Line Park', 'Indianapolis', 'IN', '46216', '(317)174-2111'),
('00002', '00003', 'Bobby Moreno', '01/24/1981', '032 Farragut Crossing', 'Portland', 'OR', '97255', '(971)466-6584'),
('00003', '00004', 'Timothy Reynolds', '07/13/1950', '9 Truax Center', 'Alhambra', 'CA', '91841', '(626)998-0431'),
('00004', '00001', 'Willie Coleman', '02/05/1981', '001 Claremont Lane', 'Brooklyn', 'NY', '11254', '(212)896-3999'),
('00005', '00002', 'Howard Wagner', '05/23/1956', '49600 Mitchell Avenue', 'Temple', 'TX', '76505', '(254)981-9544'),
('00006', '00003', 'Robert Mitchell', '12/03/1977', '92605 Longview Alley', 'Fairbanks', 'AK', '99790', '(907)133-1123'),
('00007', '00004', 'Anthony Weaver', '12/20/1959', '2925 Moland Point', 'Augusta', 'GA', '30919', '(706)662-0560'),
('00008', '00001', 'Rebecca Watkins', '05/23/1987', '1680 Mcguire Plaza', 'Raleigh', 'NC', '27658', '(919)149-9060'),
('00009', '00002', 'Lillian Torres', '04/02/1987', '472 Bultman Pass', 'Buffalo', 'NY', '14205', '(716)965-5090'),
('00010', '00003', 'Jacqueline Jordan', '11/09/1989', '2713 Judy Hill', 'Virginia Beach', 'VA', '23471', '(757)295-7808'),
('00011', '00004', 'Amanda Armstrong', '10/10/1980', '8 Bobwhite Crossing', 'Lehigh Acres', 'FL', '33972', '(863)106-0472'),
('00012', '00001', 'Aaron Spencer', '03/12/1980', '73 Laurel Point', 'Canton', 'OH', '44710', '(330)849-6203'),
('00013', '00002', 'Jesse Kim', '04/13/1972', '0230 Rieder Terrace', 'Portland', 'OR', '97216', '(503)622-4055'),
('00014', '00003', 'Rose Miller', '01/15/1953', '9 Colorado Plaza', 'Vancouver', 'WA', '98682', '(360)663-5516'),
('00015', '00004', 'William Jacobs', '09/16/1957', '44156 Farragut Avenue', 'Evansville', 'IN', '47732', '(812)840-9697'),
('00016', '00001', 'Norma Garza', '08/28/1965', '1151 Hoepker Park', 'Battle Creek', 'MI', '49018', '(269)349-2643'),
('00017', '00002', 'Kathy Vasquez', '01/19/1968', '1 Pawling Trail', 'San Bernardino', 'CA', '92410', '(951)404-8222'),
('00018', '00003', 'Jesse Ramirez', '11/24/1985', '1432 Lake View Road', 'Chesapeake', 'VA', '23324', '(757)500-8549'),
('00019', '00004', 'Christine Weaver', '03/08/1956', '260 Farragut Trail', 'Chicago', 'IL', '60646', '(847)300-2302'),
('00020', '00001', 'Edward Jones', '02/15/1960', '9950 Comanche Hill', 'Rochester', 'NY', '14652', '(585)300-9646'),
('00021', '00002', 'Robert King', '02/19/1958', '5 Bluestem Junction', 'Oklahoma City', 'OK', '73197', '(405)711-6360'),
('00022', '00003', 'John Warren', '06/04/1984', '1 Fair Oaks Avenue', 'San Francisco', 'CA', '94177', '(415)126-3262'),
('00023', '00004', 'Virginia Cook', '12/04/1954', '026 Ludington Point', 'Jackson', 'MS', '39210', '(601)987-8339'),
('00024', '00001', 'Johnny Freeman', '06/16/1985', '9208 Moland Crossing', 'Athens', 'GA', '30610', '(706)408-5414'),
('00025', '00002', 'Jerry Hanson', '08/27/1978', '9 Mayer Circle', 'New York City', 'NY', '10131', '(212)688-4250'),
('00026', '00003', 'Earl Carr', '03/17/1966', '8900 Walton Place', 'Columbia', 'SC', '29215', '(803)363-4673'),
('00027', '00004', 'Tina Foster', '05/25/1982', '9 Namekagon Center', 'Seattle', 'WA', '98148', '(206)284-9769'),
('00028', '00001', 'Michael Kennedy', '02/17/1982', '7777 Becker Point', 'Ocala', 'FL', '34479', '(352)505-1102'),
('00029', '00002', 'Martha Cole', '02/19/1966', '698 Lukken Place', 'Saint Paul', 'MN', '55166', '(651)634-3539'),
('00030', '00003', 'Jane Hernandez', '08/05/1980', '4419 Havey Court', 'Brockton', 'MA', '02305', '(508)544-6828'),
('00031', '00004', 'James Cook', '08/14/1964', '0 Hovde Pass', 'Las Vegas', 'NV', '89166', '(702)176-4537'),
('00032', '00001', 'Beverly Powell', '09/01/1950', '6307 Eliot Road', 'Buffalo', 'NY', '14220', '(716)312-8060'),
('00033', '00002', 'Antonio Fisher', '05/02/1964', '131 Oak Park', 'Dayton', 'OH', '45454', '(937)139-7452'),
('00034', '00003', 'Martin Campbell', '01/24/1965', '403 Helena Point', 'Nashville', 'TN', '37220', '(615)200-2104'),
('00035', '00004', 'Craig Hicks', '06/08/1967', '21 Lighthouse Bay Hill', 'Littleton', 'CO', '80126', '(303)866-4094'),
('00036', '00001', 'Roger Rodriguez', '02/09/1954', '6314 Heath Way', 'North Las Vegas', 'NV', '89087', '(702)810-6365'),
('00037', '00002', 'Albert Griffin', '07/30/1976', '01915 Harbort Street', 'Lexington', 'KY', '40505', '(859)800-0475'),
('00038', '00003', 'Martha Black', '06/11/1986', '21 Sundown Trail', 'Washington', 'DC', '20392', '(202)753-6925'),
('00039', '00004', 'Tammy Lopez', '08/08/1975', '84366 Waubesa Circle', 'Springfield', 'MA', '01129', '(413)334-8262'),
('00040', '00001', 'Patrick Anderson', '06/02/1977', '55 Emmet Avenue', 'Houston', 'TX', '77080', '(832)984-5378');

Insert into Housekeeper Values ('10','11111111'),

Insert into Cleaning Values ('11111111', '152', '00001', 2-10-2017),

Insert into Manager Values ('30000', '11111112'),

Insert into Clerk Values ('10', '11111113'),

Insert into Dependent Values ('00000001', '11111111', 'Heidi Curry', 'Sister', '111 Pride Road', 'Hudson', 'MA', '01432', '(978)122-1221'),

Insert into Reward Values ('00000001', '00000001', 'Car', 99999),
