Insert into Hotel Values ('00001', '10 Main Street', 'Boston', 'MA', '02110', '(617)111-1111'),
                         ('00002', '5 Graph Street', 'Austin', 'TX', '73301', '(512)253-7382'),
                         ('00003', '73 North Avenue', 'Los Angeles', 'CA', '90013', '(310)473-9321'),
                         ('00004', '898 North Avenue', 'Salt Lake City', 'UT', '84044', '(801)432-1212'),

<<<<<<< HEAD
Insert into Customer Values
('00000001', 'Jonathan Vasquez', '19130 Hansons Park', 'Albuquerque', 'NM', '87180', '(505)117-9757', '3584-2890-3134-2527', '2/18', '460', 4481),
('00000002', 'Doris Kelley', '39 Moose Way', 'Petaluma', 'CA', '94975', '(707)704-2616', '3546-4566-4556-9996', '11/24', 318, 2708),
('00000003', 'Lillian Burton', '9 Dakota Point', 'Inglewood', 'CA', '90398', '(310)511-9109', '3555-2723-4638-9792', '11/18', 123, 187),
('00000004', 'Louis Mccoy', '4 Raven Way', 'Aurora', 'CO', '80015', '(303)887-9481', '3536-5264-3734-6027', '8/28', 728, 11733),
('00000005', 'Norma Martinez', '8218 Londonderry Point', 'Newark', 'NJ', '07112', '(973)163-7894', '3544-8046-8600-1027', '4/17', 488, 2838),
('00000006', 'Jimmy Rodriguez', '0710 Kim Alley', 'Amarillo', 'TX', '79116', '(806)759-3023', '3587-0749-1008-3179', '1/28', 398, 6828),
('00000007', 'Richard Crawford', '33 Fuller Junction', 'Charlotte', 'NC', '28299', '(704)758-6799', '4041-3718-3216-3560', '1/21', 234, 10863),
('00000008', 'Gary Watson', '8791 Linden Way', 'Texarkana', 'TX', '75507', '(903)485-8412', '5524-5280-9164-0298', '12/25', 478, 449),
('00000009', 'Laura Murray', '2559 Cardinal Pass', 'Brooklyn', 'NY', '11236', '(718)427-4380', '3541-0145-6015-1772', '6/22', 239, 555),
('00000010', 'Amanda Gordon', '56 Buhler Trail', 'Mobile', 'AL', '36616', '(251)663-9079', '4017-9536-9792-0505', '1/25', 204, 6007),
('00000011', 'Teresa Torres', '52589 Sachtjen Avenue', 'Las Vegas', 'NV', '89140', '(702)286-8020', '3639-2721-2705-8014', '8/20', 868, 12526),
('00000012', 'Louis Ferguson', '861 Park Meadow Road', 'Helena', 'MT', '59623', '(406)882-9306', '5564-3874-2951-4118', '3/20', 590, 7308),
('00000013', 'Mary Sanders', '17834 Northridge Parkway', 'Midland', 'TX', '79705', '(432)218-8271', '5641-8249-0612-0342', '7/26', 129, 2868),
('00000014', 'Lawrence Gilbert', '2613 Blaine Drive', 'Arvada', 'CO', '80005', '(303)559-7631', '5018-8607-1510-3855', '1/18', 487, 4879),
('00000015', 'John Young', '746 Jay Plaza', 'Akron', 'OH', '44321', '(330)202-7382', '6767-5750-7162-5929', '6/20', 806, 4164),
('00000016', 'Howard Peterson', '777 Graceland Drive', 'Vancouver', 'WA', '98687', '(360)761-5895', '5602-2381-7258-4267', '8/25', 841, 14061),
('00000017', 'Joshua Sims', '07439 Menomonie Alley', 'San Diego', 'CO', '92186', '(619)275-0297', '3538-2885-4642-7911', '12/17', 646, 9420),
('00000018', 'Anna Fernandez', '29504 Main Court', 'Richmond', 'VA', '23277', '(804)778-0037', '6396-2979-4185-3187', '6/19', 605, 1175),
('00000019', 'Teresa Graham', '3808 Forest Dale Avenue', 'Boston', 'MA', '02115', '(202)774-6546', '4913-1166-2163-6473', '11/21', 555, 6193),
('00000020', 'Anna Perkins', '90 Marcy Parkway', 'Salem', 'OR', '97306', '(503)338-6299', '4017-9537-8084-8662', '3/17', 698, 14849),
('00000021', 'Bruce Stephens', '59 Rowland Plaza', 'New York City', 'NY', '10275', '(212)494-3152', '6388230225692724', '6/24', 529, 9204),
('00000022', 'Gregory Gordon', '7 Fallview Junction', 'Seattle', 'WA', '98133', '(206)602-7868', '3569905854477475', '1/19', 912, 7704),
('00000023', 'Norma Gutierrez', '1648 Erie Park', 'Baton Rouge', 'LA', '70826', '(225)361-1339', '4026302865814026', '6/26', 392, 8297),
('00000024', 'Frances George', '1 Tomscot Court', 'Oakland', 'CA', '94605', '(510)902-9773', '676276551989550344', '9/27', 516, 13938),
('00000025', 'Kevin Garrett', '24746 Debs Point', 'Boston', 'MA', '02115', '(202)958-4695', '490599670305667289', '2/25', 618, 13047),
('00000026', 'Harry Cunningham', '185 Petterle Terrace', 'Boston', 'MA', '02115', '(202)948-6808', '5100136133159053', '8/27', 685, 8370),
('00000027', 'Thomas Burton', '166 Ryan Street', 'Cape Coral', 'FL', '33915', '(239)780-6503', '3563463553535868', '2/20', 208, 7797),
('00000028', 'Ernest Castillo', '1 Sherman Circle', 'Helena', 'MT', '59623', '(406)217-7744', '5602243188384728', '11/22', 982, 2300),
('00000029', 'Donald Nichols', '31 Meadow Valley Point', 'Springfield', 'MI', '65805', '(417)161-5455', '3588671683477253', '2/25', 200, 4382),
('00000030', 'Virginia Snyder', '14 Twin Pines Center', 'Shawnee Mission', 'KS', '66225', '(913)548-1964', '4041374943702', '1/23', 984, 3204),
('00000031', 'Clarence Fisher', '5 1st Hill', 'Stamford', 'CT', '06905', '(203)760-4789', '3545943555555363', '8/28', 246, 5743),
('00000032', 'Philip Oliver', '358 Scoville Place', 'Pittsburgh', 'PA', '15250', '(412)235-3745', '374288592212921', '7/25', 773, 10510),
('00000033', 'Helen Watson', '577 Michigan Drive', 'Youngstown', 'OH', '44511', '(330)224-8102', '5641820747146339478', '12/20', 243, 7173),
('00000034', 'Charles Fuller', '7066 Trailsway Trail', 'Santa Barbara', 'CA', '93106', '(805)779-4872', '3559999177251974', '10/27', 274, 5080),
('00000035', 'Gloria Boyd', '94789 Merchant Avenue', 'Kingsport', 'TN', '37665', '(423)756-5460', '6304666842050052661', '9/17', 172, 13271),
('00000036', 'Nancy Murray', '6 Spohn Plaza', 'Vero Beach', 'FL', '32964', '(772)776-3327', '56022144083372237', '3/18', 810, 3794),
('00000037', 'Ronald Green', '18548 Grasskamp Hill', 'Little Rock', 'AR', '72222', '(501)236-0252', '30139157229899', '11/18', 584, 1094),
('00000038', 'Christopher Perez', '8 Vidon Pass', 'San Francisco', 'CA', '94105', '(415)105-3216', '3584625982021729', '2/25', 271, 3097),
('00000039', 'Larry White', '675 Hanover Drive', 'Boston', 'MA', '20078', '(202)393-9433', '4041373510726', '7/24', 534, 9350),
('00000040', 'Susan Cooper', '56757 Hovde Way', 'Seattle', 'WA', '98127', '(206)714-6631', '3547636213410421', '2/19', 755, 7422),
('00000041', 'Lillian Carroll', '4939 Briar Crest Park', 'Cleveland', 'OH', '44111', '(216)608-2394', '201603728298538', '7/21', 293, 5486),
('00000042', 'Todd Peterson', '597 Graceland Crossing', 'Portland', 'OR', '97211', '(503)441-1101', '4197173273653055', '2/18', 594, 14583),
('00000043', 'Irene Oliver', '0 Norway Maple Lane', 'Salt Lake City', 'UT', '84140', '(801)768-1414', '3548975136432859', '11/22', 464, 13049),
('00000044', 'Todd Elliott', '4 Carey Park', 'Toledo', 'OH', '43615', '(419)407-8189', '4041593623833784', '5/24', 549, 12093),
('00000045', 'Timothy Nichols', '49 Farwell Hill', 'San Diego', 'CA', '92170', '(619)242-0135', '3542221486980379', '9/20', 542, 8273),
('00000046', 'Mark Kim', '1235 Coolidge Street', 'Chicago', 'IL', '60630', '(773)687-1929', '3578382136101480', '12/20', 116, 6393),
('00000047', 'William Carpenter', '5190 Transport Crossing', 'Whittier', 'CA', '90610', '(562)570-3767', '3568985645185174', '7/18', 280, 722),
('00000048', 'Catherine Cox', '6883 Chive Court', 'El Paso', 'TX', '88574', '(915)132-8589', '3557825150387851', '4/17', 311, 11149),
('00000049', 'Shawn Jordan', '3 Oak Valley Trail', 'Dallas', 'TX', '75310', '(214)128-5155', '3552473034615265', '8/19', 167, 12578),
('00000050', 'Adam Allen', '05 Holmberg Center', 'Des Moines', 'IA', '50310', '(515)810-8754', '3556637447271769', '6/21', 417, 7228);

=======
Insert into Customer Values ('00000001', 'Bob Smith', '155 Light Street', 'Boston', 'MA', '02110', '(617)222-2222', '1111-1111-1111-1111', '09/19', '222', 10252),
>>>>>>> ef70700db6368bf64deeff6c50959a5de80aca9c

insert into Room values  (1, '00001', 1, 1, '1246.18'),
                         (2, '00001', 4, 2, '1806.31'),
                         (3, '00001', 2, 1, '1248.37'),
                         (4, '00001', 6, 3, '1180.55'),
                         (5, '00001', 3, 2, '1152.25'),
                         (6, '00001', 5, 3, '1492.70'),
                         (7, '00001', 3, 2, '972.70'),
                         (8, '00001', 3, 2, '912.12'),
                         (9, '00001', 3, 2, '1523.60'),
                         (10, '00001', 3, 2, '1602.05'),
                         (11, '00002', 3, 2, '861.44'),
                         (12, '00002', 2, 1, '1896.23'),
                         (13, '00002', 4, 2, '925.54'),
                         (14, '00002', 1, 1, '1688.37'),
                         (15, '00002', 3, 2, '1547.34'),
                         (16, '00002', 5, 3, '1378.46'),
                         (17, '00002', 6, 3, '1530.02'),
                         (18, '00002', 3, 2, '1758.24'),
                         (19, '00002', 2, 1, '1043.71'),
                         (20, '00002', 1, 1, '1646.58'),
                         (21, '00003', 3, 2, '1667.65'),
                         (22, '00003', 3, 2, '1995.69'),
                         (23, '00003', 5, 3, '1404.39'),
                         (24, '00003', 1, 1, '1316.04'),
                         (25, '00003', 5, 3, '994.83'),
                         (26, '00003', 5, 3, '1888.36'),
                         (27, '00003', 5, 3, '1759.02'),
                         (28, '00003', 1, 1, '1150.83'),
                         (29, '00003', 4, 2, '869.05'),
                         (30, '00003', 2, 1, '1095.30'),
                         (31, '00004', 2, 1, '812.70'),
                         (32, '00004', 2, 1, '919.32'),
                         (33, '00004', 2, 1, '1482.81'),
                         (34, '00004', 2, 1, '1636.62'),
                         (35, '00004', 3, 2, '1442.88'),
                         (36, '00004', 6, 3, '1050.43'),
                         (37, '00004', 1, 1, '1674.08'),
                         (38, '00004', 3, 2, '1649.97'),
                         (39, '00004', 5, 3, '1875.12'),
                         (40, '00004', 4, 2, '1670.09');

Insert into Reservation Values ('12345678', '00000001', '00001', '152', 02-25-2017, 05-22-2017, 05-24-2017);

Insert into Employee Values ('11111111', '00001', 'Ann Curry', 10-21-1978, '32 High Road', 'MA', '02110', '(617)124-3223'),
                            ('11111112', '00001', 'Joe Little', 08-12-1968, '12 Low Drive', 'MA', '02110', '(617)222-6442'),
                            ('11111113', '00001', 'Jim Doe', 03-27-1981, '122 Kite Drive', 'MA', '02110', '(617)111-2322')

Insert into Housekeeper Values ('10','11111111'),

Insert into Cleaning Values ('11111111', '152', '00001', 2-10-2017),

Insert into Manager Values ('30000', '11111112'),

Insert into Clerk Values ('10', '11111113'),

Insert into Dependent Values ('00000001', '11111111', 'Heidi Curry', 'Sister', '111 Pride Road', 'Hudson', 'MA', '01432', '(978)122-1221'),

Insert into Reward Values ('00000001', '00000001', 'Car', 99999),
