Insert into Hotel Values ('00001', '10 Main Street', 'Boston', 'MA', '02110', '(617)111-1111'),
                         ('00002', '5 Graph Street', 'Austin', 'TX', '73301', '(512)253-7382'),
                         ('00003', '73 North Avenue', 'Los Angeles', 'CA', '90013', '(310)473-9321'),
                         ('00004', '898 North Avenue', 'Salt Lake City', 'UT', '84044', '(801)432-1212'),

Insert into Customer Values
('00001', 'Jonathan Vasquez', '19130 Hansons Park', 'Albuquerque', 'NM', '87180', '(505)117-9757', '3584-2890-3134-2527', '2/18', '460', 4481),
('00002', 'Doris Kelley', '39 Moose Way', 'Petaluma', 'CA', '94975', '1-(707)704-2616', '3546456645569996', '11/24', 318, 2708),
('00003', 'Lillian Burton', '9 Dakota Point', 'Inglewood', 'CA', '90398', '1-(310)511-9109', '3555272346389792', '11/18', 123, 187),
('00004', 'Louis Mccoy', '4 Raven Way', 'Aurora', 'CO', '80015', '1-(303)887-9481', '3536526437346027', '8/28', 728, 11733),
('00005', 'Norma Martinez', '8218 Londonderry Point', 'Newark', 'NJ', '07112', '1-(973)163-7894', '3544804686001027', '4/17', 488, 2838),
('00006', 'Jimmy Rodriguez', '0710 Kim Alley', 'Amarillo', 'TX', '79116', '1-(806)759-3023', '3587074910083179', '1/28', 398, 6828),
('00007', 'Richard Crawford', '33 Fuller Junction', 'Charlotte', 'NC', '28299', '1-(704)758-6799', '4041371832163560', '1/21', 234, 10863),
('00008', 'Gary Watson', '8791 Linden Way', 'Texarkana', 'TX', '75507', '1-(903)485-8412', '5524528091640298', '12/25', 478, 449),
('00009', 'Laura Murray', '2559 Cardinal Pass', 'Brooklyn', 'NY', '11236', '1-(718)427-4380', '3541014560151772', '6/22', 239, 555),
('00010', 'Amanda Gordon', '56 Buhler Trail', 'Mobile', 'AL', '36616', '1-(251)663-9079', '4017953697920505', '1/25', 204, 6007),
('00011', 'Teresa Torres', '52589 Sachtjen Avenue', 'Las Vegas', 'NV', '89140', '1-(702)286-8020', '36392721270014', '8/20', 868, 12526),
('00012', 'Louis Ferguson', '861 Park Meadow Road', 'Helena', 'MT', '59623', '1-(406)882-9306', '5564387429514118', '3/20', 590, 7308),
('00013', 'Mary Sanders', '17834 Northridge Parkway', 'Midland', 'TX', '79705', '1-(432)218-8271', '5641824906120342603', '7/26', 129, 2868),
('00014', 'Lawrence Gilbert', '2613 Blaine Drive', 'Arvada', 'CO', '80005', '1-(303)559-7631', '5018860715103855', '1/18', 487, 4879),
('00015', 'John Young', '746 Jay Plaza', 'Akron', 'OH', '44321', '1-(330)202-7382', '676757507162592907', '6/20', 806, 4164),
('00016', 'Howard Peterson', '777 Graceland Drive', 'Vancouver', 'WA', '98687', '1-(360)761-5895', '5602238172584267', '8/25', 841, 14061),
('00017', 'Joshua Sims', '07439 Menomonie Alley', 'San Diego', 'CO', '92186', '1-(619)275-0297', '3538288546427911', '12/17', 646, 9420),
('00018', 'Anna Fernandez', '29504 Main Court', 'Richmond', 'VA', '23277', '1-(804)778-0037', '6396297941853187', '6/19', 605, 1175),
('00019', 'Teresa Graham', '3808 Forest Dale Avenue', 'Boston', 'MA', '02115', '1-(202)774-6546', '4913116621636473', '11/21', 555, 6193),
('00020', 'Anna Perkins', '90 Marcy Parkway', 'Salem', 'OR', '97306', '1-(503)338-6299', '4017953780848662', '3/17', 698, 14849),
('00021', 'Bruce Stephens', '59 Rowland Plaza', 'New York City', 'NY', '10275', '1-(212)494-3152', '6388230225692724', '6/24', 529, 9204),
('00022', 'Gregory Gordon', '7 Fallview Junction', 'Seattle', 'WA', '98133', '1-(206)602-7868', '3569905854477475', '1/19', 912, 7704),
('00023', 'Norma Gutierrez', '1648 Erie Park', 'Baton Rouge', 'LA', '70826', '1-(225)361-1339', '4026302865814026', '6/26', 392, 8297),
('00024', 'Frances George', '1 Tomscot Court', 'Oakland', 'CA', '94605', '1-(510)902-9773', '676276551989550344', '9/27', 516, 13938),
('00025', 'Kevin Garrett', '24746 Debs Point', 'Boston', 'MA', '02115', '1-(202)958-4695', '490599670305667289', '2/25', 618, 13047),
('00026', 'Harry Cunningham', '185 Petterle Terrace', 'Washington', 'District of Columbia', '20442', '1-(202)948-6808', '5100136133159053', '8/27', 685, 8370),
('00027', 'Thomas Burton', '166 Ryan Street', 'Cape Coral', 'Florida', '33915', '1-(239)780-6503', '3563463553535868', '2/20', 208, 7797),
('00028', 'Ernest Castillo', '1 Sherman Circle', 'Helena', 'Montana', '59623', '1-(406)217-7744', '5602243188384728', '11/22', 982, 2300),
('00029', 'Donald Nichols', '31 Meadow Valley Point', 'Springfield', 'Missouri', '65805', '1-(417)161-5455', '3588671683477253', '2/25', 200, 4382),
('00030', 'Virginia Snyder', '14 Twin Pines Center', 'Shawnee Mission', 'Kansas', '66225', '1-(913)548-1964', '4041374943702', '1/23', 984, 3204),
('00031', 'Clarence Fisher', '5 1st Hill', 'Stamford', 'Connecticut', '06905', '1-(203)760-4789', '3545943555555363', '8/28', 246, 5743),
('00032', 'Philip Oliver', '358 Scoville Place', 'Pittsburgh', 'Pennsylvania', '15250', '1-(412)235-3745', '374288592212921', '7/25', 773, 10510),
('00033', 'Helen Watson', '577 Michigan Drive', 'Youngstown', 'Ohio', '44511', '1-(330)224-8102', '5641820747146339478', '12/20', 243, 7173),
('00034', 'Charles Fuller', '7066 Trailsway Trail', 'Santa Barbara', 'California', '93106', '1-(805)779-4872', '3559999177251974', '10/27', 274, 5080),
('00035', 'Gloria Boyd', '94789 Merchant Avenue', 'Kingsport', 'Tennessee', '37665', '1-(423)756-5460', '6304666842050052661', '9/17', 172, 13271),
('00036', 'Nancy Murray', '6 Spohn Plaza', 'Vero Beach', 'Florida', '32964', '1-(772)776-3327', '56022144083372237', '3/18', 810, 3794),
('00037', 'Ronald Green', '18548 Grasskamp Hill', 'Little Rock', 'Arkansas', '72222', '1-(501)236-0252', '30139157229899', '11/18', 584, 1094),
('00038', 'Christopher Perez', '8 Vidon Pass', 'San Francisco', 'California', '94105', '1-(415)105-3216', '3584625982021729', '2/25', 271, 3097),
('00039', 'Larry White', '675 Hanover Drive', 'Washington', 'District of Columbia', '20078', '1-(202)393-9433', '4041373510726', '7/24', 534, 9350),
('00040', 'Susan Cooper', '56757 Hovde Way', 'Seattle', 'Washington', '98127', '1-(206)714-6631', '3547636213410421', '2/19', 755, 7422),
('00041', 'Lillian Carroll', '4939 Briar Crest Park', 'Cleveland', 'Ohio', '44111', '1-(216)608-2394', '201603728298538', '7/21', 293, 5486),
('00042', 'Todd Peterson', '597 Graceland Crossing', 'Portland', 'Oregon', '97211', '1-(503)441-1101', '4197173273653055', '2/18', 594, 14583),
('00043', 'Irene Oliver', '0 Norway Maple Lane', 'Salt Lake City', 'Utah', '84140', '1-(801)768-1414', '3548975136432859', '11/22', 464, 13049),
('00044', 'Todd Elliott', '4 Carey Park', 'Toledo', 'Ohio', '43615', '1-(419)407-8189', '4041593623833784', '5/24', 549, 12093),
('00045', 'Timothy Nichols', '49 Farwell Hill', 'San Diego', 'California', '92170', '1-(619)242-0135', '3542221486980379', '9/20', 542, 8273),
('00046', 'Mark Kim', '1235 Coolidge Street', 'Chicago', 'Illinois', '60630', '1-(773)687-1929', '3578382136101480', '12/20', 116, 6393),
('00047', 'William Carpenter', '5190 Transport Crossing', 'Whittier', 'California', '90610', '1-(562)570-3767', '3568985645185174', '7/18', 280, 722),
('00048', 'Catherine Cox', '6883 Chive Court', 'El Paso', 'Texas', '88574', '1-(915)132-8589', '3557825150387851', '4/17', 311, 11149),
('00049', 'Shawn Jordan', '3 Oak Valley Trail', 'Dallas', 'Texas', '75310', '1-(214)128-5155', '3552473034615265', '8/19', 167, 12578),
('00050', 'Adam Allen', '05 Holmberg Center', 'Des Moines', 'Iowa', '50310', '1-(515)810-8754', '3556637447271769', '6/21', 417, 7228);


insert into Room Values  ('1', '00001', 1, 1, '1402.68'),
                         ('2', '00003', 1, 1, '1544.58'),
                         ('3', '00002', 2, 1, '1377.22'),
                         ('4', '00003', 5, 3, '1167.20'),
                         ('5', '00002', 3, 2, '939.22'),
                         ('6', '00004', 5, 3, '1104.26'),
                         ('7', '00003', 5, 3, '975.23'),
                         ('8', '00002', 4, 2, '1194.30'),
                         ('9', '00003', 2, 1, '1897.74'),
                         ('10', '00003', 6, 3, '1790.77'),
                         ('11', '00004', 2, 1, '1432.67'),
                         ('12', '00002', 6, 3, '1185.45'),
                         ('13', '00004', 6, 3, '1701.79'),
                         ('14', '00004', 3, 2, '1262.64'),
                         ('15', '00004', 2, 1, '1521.29'),
                         ('16', '00003', 2, 1, '1020.54'),
                         ('17', '00002', 1, 1, '847.37'),
                         ('18', '00003', 1, 1, '1102.76'),
                         ('19', '00003', 3, 2, '1321.07'),
                         ('20', '00001', 5, 3, '1749.48'),
                         ('21', '00004', 1, 1, '1205.49'),
                         ('22', '00002', 5, 3, '854.27'),
                         ('23', '00003', 1, 1, '1295.02'),
                         ('24', '00001', 2, 1, '1937.05'),
                         ('25', '00003', 3, 2, '1119.03'),
                         ('26', '00001', 6, 3, '1861.02'),
                         ('27', '00002', 1, 1, '1785.45'),
                         ('28', '00002', 1, 1, '1755.14'),
                         ('29', '00001', 1, 1, '1678.99'),
                         ('30', '00004', 6, 3, '1532.01'),
                         ('31', '00004', 4, 2, '838.39'),
                         ('32', '00003', 5, 3, '1389.43'),
                         ('33', '00003', 4, 2, '1545.59'),
                         ('34', '00003', 4, 2, '1601.70'),
                         ('35', '00001', 4, 2, '914.45'),
                         ('36', '00002', 5, 3, '1421.32'),
                         ('37', '00003', 1, 1, '1450.83'),
                         ('38', '00003', 3, 2, '1927.09'),
                         ('39', '00002', 2, 1, '831.54'),
                         ('40', '00003', 2, 1, '1649.50');

Insert into Reservation Values ('12345678', '00001', '00001', '152', 02-25-2017, 05-22-2017, 05-24-2017),

insert into Employee values ('00001', '00002', 'Timothy', '12/25/1962', 'Dwight', 'Pompano Beach', 'FL', '33069', '1-(754)965-6560');
insert into Employee values ('00002', '00003', 'Timothy', '06/06/1973', 'Sunbrook', 'Washington', 'DC', '20546', '1-(202)594-9060');
insert into Employee values ('00003', '00004', 'Joseph', '05/23/1966', 'Novick', 'Louisville', 'KY', '40250', '1-(502)768-8549');
insert into Employee values ('00004', '00001', 'Phyllis', '04/07/1985', 'Waubesa', 'Woburn', 'MA', '01813', '1-(339)959-8498');
insert into Employee values ('00005', '00002', 'Jonathan', '12/17/1951', 'Sugar', 'Rochester', 'NY', '14646', '1-(585)408-9230');
insert into Employee values ('00006', '00003', 'Katherine', '03/22/1976', 'Ohio', 'Herndon', 'VA', '22070', '1-(757)951-8264');
insert into Employee values ('00007', '00004', 'Wayne', '01/21/1956', 'Roth', 'Jersey City', 'NJ', '07305', '1-(201)452-1508');
insert into Employee values ('00008', '00001', 'Harry', '05/04/1984', 'Shelley', 'Los Angeles', 'CA', '90065', '1-(818)161-9810');
insert into Employee values ('00009', '00002', 'Gary', '09/06/1981', 'Arapahoe', 'Pasadena', 'CA', '91109', '1-(818)681-8919');
insert into Employee values ('00010', '00003', 'Diana', '04/18/1975', 'American Ash', 'Detroit', 'MI', '48275', '1-(313)155-4698');
insert into Employee values ('00011', '00004', 'Shirley', '01/24/1954', 'Spaight', 'Atlanta', 'GA', '30380', '1-(404)895-8595');
insert into Employee values ('00012', '00001', 'Theresa', '08/03/1974', 'Meadow Ridge', 'Washington', 'DC', '20099', '1-(202)894-2099');
insert into Employee values ('00013', '00002', 'Clarence', '03/17/1981', 'Sheridan', 'Houston', 'TX', '77030', '1-(713)440-5990');
insert into Employee values ('00014', '00003', 'Lori', '11/28/1959', 'Kenwood', 'Norwalk', 'CT', '06854', '1-(203)415-3671');
insert into Employee values ('00015', '00004', 'Michelle', '03/16/1963', 'Summer Ridge', 'Corpus Christi', 'TX', '78475', '1-(361)659-4712');
insert into Employee values ('00016', '00001', 'Linda', '11/18/1971', 'Stang', 'Tucson', 'AZ', '85737', '1-(520)219-6203');
insert into Employee values ('00017', '00002', 'Susan', '04/28/1987', 'Summit', 'Lake Worth', 'FL', '33462', '1-(561)600-6183');
insert into Employee values ('00018', '00003', 'Amanda', '08/02/1959', 'Bluejay', 'Birmingham', 'AL', '35279', '1-(205)745-3483');
insert into Employee values ('00019', '00004', 'Virginia', '07/12/1974', 'Helena', 'New York City', 'NY', '10175', '1-(646)469-2946');
insert into Employee values ('00020', '00001', 'Carol', '01/05/1986', 'Ridgeview', 'Chicago', 'IL', '60663', '1-(312)539-3183');
insert into Employee values ('00021', '00002', 'Doris', '03/17/1968', 'Brown', 'Corpus Christi', 'TX', '78405', '1-(361)462-1232');
insert into Employee values ('00022', '00003', 'Norma', '01/25/1951', 'Gina', 'Corona', 'CA', '92883', '1-(951)156-8485');
insert into Employee values ('00023', '00004', 'Robert', '11/17/1952', '8th', 'El Paso', 'TX', '79984', '1-(915)533-1397');
insert into Employee values ('00024', '00001', 'Ronald', '05/02/1984', 'Menomonie', 'Indianapolis', 'IN', '46221', '1-(317)824-0887');
insert into Employee values ('00025', '00002', 'Stephanie', '08/08/1976', 'Stoughton', 'Bowie', 'MD', '20719', '1-(240)316-7031');
insert into Employee values ('00026', '00003', 'Edward', '09/17/1985', 'Russell', 'Pueblo', 'CO', '81015', '1-(719)606-3316');
insert into Employee values ('00027', '00004', 'Peter', '12/01/1975', 'Florence', 'Kansas City', 'MO', '64153', '1-(816)665-7229');
insert into Employee values ('00028', '00001', 'Jimmy', '12/07/1975', 'Oak', 'Roanoke', 'VA', '24014', '1-(540)811-3156');
insert into Employee values ('00029', '00002', 'Ronald', '07/24/1977', 'Tony', 'Washington', 'DC', '20599', '1-(202)757-8418');
insert into Employee values ('00030', '00003', 'Jennifer', '05/21/1953', 'Village Green', 'San Francisco', 'CA', '94177', '1-(415)621-1749');
insert into Employee values ('00031', '00004', 'Patrick', '08/06/1976', 'Old Shore', 'Cincinnati', 'OH', '45223', '1-(513)652-9733');
insert into Employee values ('00032', '00001', 'Paul', '12/14/1962', 'Moland', 'Pocatello', 'ID', '83206', '1-(208)865-6327');
insert into Employee values ('00033', '00002', 'Jose', '09/07/1965', 'Mendota', 'Philadelphia', 'PA', '19151', '1-(215)829-5794');
insert into Employee values ('00034', '00003', 'Sarah', '04/09/1962', 'Derek', 'Shawnee Mission', 'KS', '66286', '1-(913)694-2511');
insert into Employee values ('00035', '00004', 'Pamela', '01/15/1955', '4th', 'Vancouver', 'WA', '98687', '1-(360)745-8188');
insert into Employee values ('00036', '00001', 'Johnny', '06/06/1972', 'Hallows', 'Cedar Rapids', 'IA', '52405', '1-(319)953-9802');
insert into Employee values ('00037', '00002', 'Antonio', '11/30/1969', 'Northridge', 'Boston', 'MA', '02216', '1-(617)474-6683');
insert into Employee values ('00038', '00003', 'Richard', '08/05/1983', 'Carioca', 'Richmond', 'CA', '94807', '1-(510)485-8158');
insert into Employee values ('00039', '00004', 'Paul', '01/23/1980', 'Dorton', 'Stockton', 'CA', '95205', '1-(209)490-6263');
insert into Employee values ('00040', '00001', 'Janet', '05/18/1960', 'Longview', 'Denver', 'CO', '80249', '1-(303)292-4265');

Insert into Housekeeper Values ('10','11111111'),

Insert into Cleaning Values ('11111111', '152', '00001', 2-10-2017),

Insert into Manager Values ('30000', '11111112'),

Insert into Clerk Values ('10', '11111113'),

Insert into Dependent Values ('00001', '11111111', 'Heidi Curry', 'Sister', '111 Pride Road', 'Hudson', 'MA', '01432', '(978)122-1221'),

Insert into Reward Values ('00001', '00001', 'Car', 99999),
